id,name,email,contact
12,Angelina Nikolaus,Arvid50@gmail.com,209.908.2112 x3485
13,Kevin Schmidt,Tyrique15@gmail.com,437-730-4107 x9748
14,Hannah Bauch,Tiara.Dach@yahoo.com,217-937-4936 x843
15,Kristin Nikolaus,Orion64@hotmail.com,201-253-3059
16,Rosa Shanahan,Selena59@hotmail.com,223.607.2702
17,Terrell Homenick,Madison_Boyer@gmail.com,853.688.8515 x620
18,Renee Cartwright,Alanis_Gutmann22@yahoo.com,888.542.6959
19,Jonathan Kassulke Sr.,Destiny18@hotmail.com,1-296-999-9060 x3200
20,Margaret Beer-Turner,Alden.Beahan-Boehm44@hotmail.com,1-882-945-1439 x695
21,Mrs. Paulette Ondricka,Jerrell_Quitzon@yahoo.com,1-251-438-9540 x19346
22,Janice Halvorson,Manuela83@gmail.com,761.235.7015 x1999
23,Barry Carroll,Magdalen.Spinka@gmail.com,424.581.2287 x10944
24,Ida Schmeler,Meghan.Borer@hotmail.com,446-210-4094 x7550
25,Marlon Metz,Webster14@hotmail.com,1-538-235-0102 x2170
26,Laurence Crist,Kennith_Flatley8@gmail.com,(915) 924-6540
27,Mr. David Haley,Harley_Cole48@hotmail.com,336.970.1017
28,Clarence Spinka,Pedro.Borer@gmail.com,1-507-805-4441 x962
29,Randal Schiller,Jonatan69@hotmail.com,266.570.5999 x62664
30,Jeff Kuhic,Emiliano_Gleason@yahoo.com,747.769.1672
31,Lora Macejkovic,Maymie21@hotmail.com,864.897.2811 x299
32,Laura Hane I,Kian.Reynolds@yahoo.com,865.785.5329
33,Mrs. Molly Orn,Mellie_Jacobson34@gmail.com,826-314-2979
34,Tabitha O'Reilly,Devan.Glover@hotmail.com,654-514-5186
35,Ross Lueilwitz,Rachelle.Franey@gmail.com,1-725-334-0453
36,Faye Torphy,Destiny.Abbott70@hotmail.com,(621) 517-5189 x0504
37,Morris Williamson,Remington.Monahan@yahoo.com,1-486-791-5574 x0694
38,Troy Powlowski,Freeda.Hammes14@hotmail.com,391.558.0968
39,Mrs. Gwen Hagenes-Schaden,Solon46@yahoo.com,611.608.8558 x3888
40,Miss Carrie Bogan Sr.,Henderson.Rippin25@hotmail.com,811.318.0011
41,Mindy Wyman-Schimmel,Maude_Gusikowski@yahoo.com,599.250.2159 x07731
42,Judith Moore,Jacey_Ankunding1@hotmail.com,1-340-642-8098 x36238
43,Sylvester Davis,Yvonne62@yahoo.com,1-974-796-0191
44,Myra Rosenbaum,Arvid_Bogisich10@gmail.com,1-315-367-8351 x8064
45,Charles Ullrich,Treva93@yahoo.com,1-636-593-3072 x12459
46,Lynette Schuster,Nyah45@gmail.com,531-851-6927 x41295
47,Marlon Nicolas,Johnpaul81@yahoo.com,506-467-5532
48,Joseph Schmitt-Gislason,Garnett76@yahoo.com,1-742-607-8920
49,Ross Bartell,Eveline.Konopelski@gmail.com,564.724.0724
50,Claire Stiedemann,Antonina95@gmail.com,272.923.2779 x289
51,Jean Hilpert,Corine.Grant@hotmail.com,405.443.6564
52,Marian Mosciski,Chandler80@hotmail.com,(561) 663-0412 x32972
53,Dr. Alberto Schmeler,Emiliano.Dach89@yahoo.com,964-701-6276 x9918
54,Teri Jerde II,Evie58@hotmail.com,(988) 471-5228
55,Kendra Heidenreich,Helena76@yahoo.com,880.973.3606 x276
56,Guadalupe Predovic,Webster84@gmail.com,(728) 662-2244 x252
57,Terrence Klein,Bernie.Ullrich73@hotmail.com,(743) 768-0893
58,Shelly Wintheiser,Josh_Parker@yahoo.com,(397) 259-9688
59,Ms. Elvira Kuhic,Tyreek_Runte76@yahoo.com,462.902.9259 x63127
60,Israel Pfeffer,Rodrick_Champlin@yahoo.com,442.240.8504 x13966
61,Dr. Leland Corwin,Andre_Powlowski44@gmail.com,301-204-2683 x97467
62,Delores Schiller MD,Joel2@hotmail.com,(659) 318-1831 x44437
63,Sherman Turcotte,Heaven.Nitzsche7@gmail.com,656.696.4955 x968
64,Lana Wintheiser,Anissa.Lubowitz@yahoo.com,693.480.8779 x94588
65,Eunice Prohaska,Sydney.Hartmann16@gmail.com,729-850-0459
66,Wendy Zulauf,Vergie_Terry@gmail.com,1-609-249-3533
67,Karen Ziemann,Elliott_Collins-Ryan94@gmail.com,1-534-950-2698
68,Jonathan Dicki,Alexander_Abbott@yahoo.com,697-939-5778 x14677
69,Silvia Schaden,Natalie.Cassin@gmail.com,1-680-295-8432 x85398
70,Sandy Rowe,Paula.Schneider-Kemmer48@yahoo.com,(252) 742-5462
71,Gretchen VonRueden,Katrine_Cummings42@hotmail.com,717-239-9947 x70024
72,Essie Hammes-Hegmann,Werner.Roob34@hotmail.com,(916) 922-3040 x0850
73,Oscar Stokes,Alisha27@gmail.com,719-942-7944 x511
74,Ms. Marsha Littel V,Kacey94@yahoo.com,819.753.8152 x480
75,Dominick Kuhic,Sofia14@hotmail.com,1-488-313-4294 x105
76,Rodney Jerde DVM,Lucio.Harris@yahoo.com,1-687-560-0740 x9882
77,Josefina Purdy,Cleta87@yahoo.com,404-324-3382
78,Melanie Keeling-Kutch,Baylee.Predovic@gmail.com,1-385-499-1215 x7347
79,Jean Reichert,Colby9@hotmail.com,458-893-4027 x52221
80,Robin Friesen,Hassie.Schroeder91@gmail.com,364-916-1786
81,Alfredo Ebert,Earl_Reichert86@yahoo.com,1-779-236-8584 x771
82,Darren Nienow,Sim.Shields24@gmail.com,1-491-955-0650 x84539
83,Nicolas Collins,Marcella.Bergnaum25@hotmail.com,1-221-616-9629 x590
84,Nelson Rowe,Leonor.Pagac@yahoo.com,(319) 216-1745
85,Marty Kertzmann-Flatley,Matilda86@yahoo.com,1-919-859-4635 x31791
86,Mrs. Sherry Harvey,Arjun.Shanahan28@hotmail.com,(343) 713-4111 x0232
87,Flora Gleichner Jr.,Sally78@yahoo.com,1-603-962-8321 x1130
88,Mr. Hubert Cruickshank,Merl60@yahoo.com,451.930.6277 x15526
89,Erica O'Kon,Emerald36@yahoo.com,825-795-5144
90,Israel Spencer,Theron_Ebert8@gmail.com,1-543-231-1294
91,Terence Yost,Leonardo_Rau-Kling11@gmail.com,560.899.4323 x72316
92,Lynette Schuster,Milan64@gmail.com,781.576.6859 x04005
93,Pedro Gulgowski,Brielle79@gmail.com,303.516.0663 x4734
94,Clark Schultz,Ruthe9@yahoo.com,1-485-725-7842 x3260
95,Mrs. Mercedes Treutel,Constance.Fahey@gmail.com,1-506-519-7900
96,Rhonda Christiansen,Heather50@yahoo.com,524.668.2649 x30047
97,Eileen Denesik-Emard,Agustina79@yahoo.com,726-534-2354
98,Toni Cremin Jr.,Pascale_Purdy56@gmail.com,414.487.2486 x65379
99,Willis Mills,Delphine.Kulas84@hotmail.com,1-822-581-3887 x80081
100,Mr. Earl Doyle,Tamia.Hoeger@hotmail.com,(271) 378-1960 x60637
101,Mable Shields,Thora73@gmail.com,(871) 340-0656 x22586
102,Victoria Gulgowski-Lemke,Whitney.Stroman@gmail.com,1-394-885-2876 x548
103,Erick Little,Stan62@gmail.com,1-273-214-6552 x391
104,Sidney Gutkowski,Floyd.Kuhic73@hotmail.com,1-619-400-4161 x2570
105,Nichole Frami MD,Filiberto_Keeling@yahoo.com,461.893.8767 x277
106,Anne Wehner,Chyna_Boyer29@yahoo.com,(597) 616-9561 x5191
107,Silvia Moen,Abdullah19@yahoo.com,331.532.6385 x258
108,Alex Grady,Tevin_Nicolas73@hotmail.com,1-448-809-9558
109,Greg Keeling I,Shanna26@hotmail.com,876.915.7264 x81367
110,Mrs. Ella Hackett,Joesph_Funk74@yahoo.com,(747) 253-1947
111,Corey Reichert,Hector19@yahoo.com,826.759.8070
112,Jan Gottlieb,Jewel19@hotmail.com,1-734-477-3353 x140
113,Joanna Moen,Winfield2@gmail.com,(246) 520-3431 x3443
114,Rodolfo Paucek,Verda.Mohr38@gmail.com,530.898.4794 x2448
115,Mr. Steve Wuckert,Edmund.Quitzon@hotmail.com,566.866.8156 x590
116,Rosie Reinger,Joseph.Ferry4@yahoo.com,592.757.9566 x4704
117,Geoffrey Mills-Cummerata,Hertha37@hotmail.com,208.606.0615 x44285
118,Allen Romaguera,Sheldon.Homenick56@hotmail.com,329-300-0398
119,Jake Rath DDS,Elta71@hotmail.com,(336) 697-8812
120,Lyle Russel,Arely.Stanton@hotmail.com,885.277.8771 x6710
121,Lowell Stokes Sr.,Kelsie36@hotmail.com,1-328-883-3231 x075
122,Gerald Mosciski,Laverne.Kshlerin61@gmail.com,1-803-335-2818 x817
123,Jessie Kuvalis MD,Ethel.Kunde99@gmail.com,(410) 722-8013 x192
124,Mabel Hegmann,Adela53@hotmail.com,(667) 398-7248
125,Brittany Glover,Santa98@hotmail.com,1-275-258-5170 x538
126,Bryan Koch,Jammie81@yahoo.com,1-941-862-4474 x57454
127,Stephen Trantow,Jovanny_Jones14@yahoo.com,(732) 929-3904
128,Ms. Jasmine Witting,Ron67@gmail.com,428.507.3389
129,Courtney Auer,Margarett.Smitham5@hotmail.com,1-590-546-3298 x6018
130,Mitchell Hansen,Kayley.Howe7@hotmail.com,(434) 216-4638 x977
131,Robin Mraz,Tristian9@gmail.com,1-712-937-9827 x5134
132,Corey Von Sr.,Elva.Reynolds25@hotmail.com,537-536-7017 x479
133,Dianne Gleason,Urban_Quitzon94@yahoo.com,488.336.2465 x85520
134,Ollie Hessel,Brielle_Shanahan@yahoo.com,373.333.5496
135,Saul Reichel,Virginie62@hotmail.com,(333) 840-2409 x8806
136,Noel Kertzmann,Joany61@gmail.com,1-311-901-2075
137,Suzanne Kshlerin I,Izabella.Abbott@yahoo.com,499-300-6451
138,Shannon Pollich,Alysson54@yahoo.com,895.638.8535 x52864
139,Marcos Raynor,Joelle_Nienow@gmail.com,320-849-5282 x228
140,Maurice Kreiger,Lon.Goodwin82@hotmail.com,613.631.6654 x217
141,Lillian Weimann,Camden_Christiansen@gmail.com,417.981.5862
142,Kelvin Yost,Bethel_Howell61@hotmail.com,1-562-926-8314 x998
143,Fernando Brown,Cortney89@yahoo.com,(260) 231-2391 x45689
144,Franklin Jacobson,Murphy81@hotmail.com,755.733.8486 x80643
145,Terence Langosh,Cristina93@hotmail.com,475.281.5331 x201
146,Mr. Armando Mayert,Milo_Hoppe@hotmail.com,(845) 390-5081
147,Terrell Wilderman,Wellington.Lind35@yahoo.com,(642) 773-2908 x1371
148,Elsa Lueilwitz,Waino_Moore@gmail.com,1-672-804-8967 x59759
149,Bertha Dickens,Jarrell_Collins@yahoo.com,1-474-304-2840 x4739
150,Nettie Kautzer,Caterina_Hegmann39@gmail.com,866.766.4792 x8321
151,Elaine Schuppe,Gerhard.OConner@gmail.com,501.441.4239
152,Genevieve Erdman PhD,Jaime.Dach@yahoo.com,(707) 415-3800
153,Arthur Bosco-Simonis MD,Lucas_Hoeger28@yahoo.com,(790) 757-3655 x40837
154,Joanne O'Conner,Estrella_Stoltenberg17@gmail.com,417-269-9120 x43563
155,Joan Tillman,Haven4@hotmail.com,537.263.4269 x737
156,Elias Goodwin,Ofelia.Gutkowski@hotmail.com,427.650.5187 x56528
157,Miss Delores Streich-Prohaska,Margarett.Hane@gmail.com,426-845-7179
158,Monique Breitenberg,Emerald_White97@yahoo.com,1-985-984-1052 x99763
159,Mrs. Opal Hilll V,Adrien_Hammes30@gmail.com,1-314-916-6783 x335
160,Wilfred Kuhn,Odessa.Blick20@yahoo.com,373-211-3473 x03828
161,Karla Gottlieb,Allan.Bashirian93@hotmail.com,1-485-876-8481 x71250
162,Jordan Hauck,Tillman.Nienow@hotmail.com,(296) 404-7777 x23544
163,Rita Stracke,Ettie47@gmail.com,872.579.2016 x4257
164,Grant Satterfield,Aliza28@hotmail.com,864.687.4685
165,Irene Wisozk,Victor.Kuphal-Kuhic@yahoo.com,1-485-422-2484 x79421
166,Ms. Renee Orn,Margarete_Green65@yahoo.com,843-308-5365 x00765
167,Shari Wilderman,Rigoberto81@yahoo.com,(958) 923-2538 x55196
168,Thomas Braun V,Gerhard.Wilderman71@hotmail.com,970-496-2540
169,Perry Thiel,Hassan_Murphy@gmail.com,254-764-9444
170,Nick Kovacek,Chelsie.Lebsack39@yahoo.com,608.596.6334 x50967
171,Rose Crona,Barney97@gmail.com,1-712-261-4650 x2591
172,Christie Lind,Gladyce_Bartoletti84@gmail.com,298.391.4208 x00235
173,Jimmie Greenholt,Patsy17@yahoo.com,367.747.5246 x306
174,Jodi Stamm,Domingo.Grimes@yahoo.com,755.734.5221 x59813
175,Ms. Caroline Kirlin,Abelardo.Skiles@yahoo.com,853.823.9000 x16053
176,Gretchen Lynch,Einar.Franey24@yahoo.com,364-381-6041 x65698
177,Lynn Considine,Dominic_West98@hotmail.com,1-449-315-7637
178,Bill Bailey,Abby_Koepp@yahoo.com,802-927-3348
179,Antonio Casper,Bennett_Koss@yahoo.com,1-473-396-3020 x1539
180,Bob Bartoletti,Doris.Sauer53@hotmail.com,377.442.1045 x6115
181,Adrian Osinski,Elias85@yahoo.com,1-469-731-1922 x081
182,Eileen Jenkins,Oran_Batz59@yahoo.com,1-249-499-1143 x48790
183,Orville Wyman,Marlin_Daugherty@yahoo.com,1-295-760-4472
184,Oscar Terry,Eunice.Denesik@yahoo.com,1-421-315-9822 x0640
185,Mr. Levi Hilpert,Elna21@hotmail.com,416.964.5948 x5167
186,Cory Schulist,Levi38@yahoo.com,(933) 204-4840 x33994
187,Brandy Leffler,Carolina.Rolfson@hotmail.com,(578) 480-6699 x1351
